Concept,Category,Description,Surah,Verse,Translation,Relation to Concept
Anima and animus,Psychoanalytic Psychology,"According to Jung, these are the male and female archetypes residing in the unconscious of individuals, respectively. The anima exemplifies the feminine principle in men, while the animus signifies the masculine principle in women.",An-Najm (The Star),45,"And that it is He who created the two mates, the male and the female,",Related to psychological concept
Archetypes,Psychoanalytic Psychology,"In Jungian psychology, these represent universal, primal, and collective mental representations inherited from our earliest ancestors. They are prevalent in literature, art, and religious iconography across cultures and serve to channel experiences and emotions, resulting in recognizable behavior patterns.",Al-Araf,7,"And [mention] when your Lord took from the children of Adam - from their loins - their descendants and made them testify of themselves, [saying to them], 'Am I not your Lord?' They said, 'Yes, we have testified.' [This] - lest you should say on the Day of Resurrection, 'Indeed, we were of this unaware.'",Related to psychological concept
Collective unconscious,Psychoanalytic Psychology,"A term coined by Carl Jung, it posits the existence of a shared part of the unconscious mind among all humans, deriving from ancestral memory. It’s believed to contain archetypes, universal images, patterns, and instincts inherent in all of us.",,,,
Countertransference,Psychoanalytic Psychology,"This refers to a therapist’s emotions and responses to a client, which can stem from the therapist’s own personal history. It’s typically considered as hindrance to therapy but can provide insight into the dynamics of the therapeutic relationship.",,,,
Death drive (Thanatos),Psychoanalytic Psychology,This is a compelling concept from Freud that suggests humans possess an inherent drive towards death and self-destruction. It counterbalances Eros (the life drive) and is often associated with aggressive behaviors.,Al-Imran,3,"Every soul will taste death, and you will only be given your full compensation on the Day of Resurrection. So he who is drawn away from the Fire and admitted to Paradise has attained [his desire]. And what is the life of this world except the enjoyment of delusion.",Related to psychological concept
Defense mechanisms,Psychoanalytic Psychology,These are strategies employed by the ego to mediate the conflict between the id and superego. They are unconscious mental processes that guard the individual from anxiety or unacceptable thoughts and feelings.,Al-A'raf,7,"And if an evil suggestion comes to you from Satan, then seek refuge in Allah. Indeed, He is Hearing and Knowing.",Related to psychological concept
Displacement,Psychoanalytic Psychology,This defense mechanism in psychoanalysis involves shifting of impulses from an unacceptable target to a safer or more acceptable one. An example is redirecting aggression from a boss to a less-threatening loved one.,An-Nisa (Chapter 4),116,"Indeed, Allah does not forgive association with Him, but He forgives what is less than that for whom He wills. And he who associates others with Allah has certainly fabricated a tremendous sin.",Related to psychological concept
Dream analysis,Psychoanalytic Psychology,"This is a key technique in psychoanalysis that interprets dreams to unearth unconscious desires or concerns. Freud viewed dreams as ‘the royal road to the subconscious,’ conveying unspeakable desires.",Al-An'am,6,"And they swear by Allah their strongest oaths that Allah will not raise up him who dies. Yes, it is a promise binding upon Him in truth, but most of mankind do not know.",Related to psychological concept
Electra complex,Psychoanalytic Psychology,"This concept, proposed by Carl Jung, is the female counterpart of the Oedipus complex. It entails a girl’s psychosexual competition with her mother for her father’s attraction.",,,,
Erikson’s stages of psychosocial development,Psychoanalytic Psychology,"This proposes a lifespan model of development, comprising eight stages from infancy to late adulthood. Every stage presents a crisis deriving from a conflict between personal impulse and the social world, resolution of which leads to competence in a specific area of life.",Al-Imran  ,3,"O you who have believed, fear Allah as He should be feared and do not die except as Muslims [in submission to Him].",Related to psychological concept
Extraversion,Psychoanalytic Psychology,"A term representing one pole of a personality dimension, extraversion is characterized by sociability, assertiveness, and a preference for company. Extraverts are energized by social interaction.",,,,
Free association,Psychoanalytic Psychology,"A method employed during psychoanalysis, it involves the patient speaking freely about memories, dreams, or thoughts. It’s a tool that helps uncover repressed feelings and experiences.",Al-Anam,6,And with Him are the keys of the unseen; none knows them except Him. And He knows what is on the land and in the sea. Not a leaf falls but that He knows it. And no grain is there within the darknesses of the earth and no moist or dry [thing] but that it is [written] in a clear record.,Related to psychological concept
Freudian slip,Psychoanalytic Psychology,"This is an unintentional error — verbal or memory — which unveils repressed feelings or thoughts. According to Freudian theory, these slips hint at the workings of the subconscious mind.",Al-Mujadila,58,"Do you not see that Allah knows whatever is in the heavens and whatever is on the earth? There is no secret counsel of three but He is their fourth, nor of five but He is their sixth, nor fewer nor more, but He is with them wherever they may be; and thereafter, on the Day of Resurrection, He will inform them of what they did. Surely, Allah knows all things full well.",Related to psychological concept
"Id, ego, and superego",Psychoanalytic Psychology,"These are the three agents comprising the psychic apparatus defined by Freud. The Id is driven by primitive desires, the ego moderates between desires and reality, and the superego acts as the moral compass.",Al-A'raf  ,7,"And if an evil suggestion comes to you from Satan, then seek refuge in Allah. Indeed, He is Hearing and Knowing.",Related to psychological concept
Introversion,Psychoanalytic Psychology,"The opposing trait to extraversion in personality psychology, introversion involves drawing energy from one’s internal world of thoughts, feelings, and ideas. Introverts tend to prefer solitude, intimate interactions over large gatherings, and often engage in introspective activities.",Al-An'am,63,"Indeed, hearts find rest in the remembrance of Allah.",Related to psychological concept
Libido,Psychoanalytic Psychology,"In psychoanalytic theory, this term defines the sexual energy or force. Apart from strict sexual desire, this also extends to creative or productive drives in general.",Ar-Rum,30,And of His signs is that He created for you from yourselves mates that you may find tranquility in them; and He placed between you affection and mercy. Indeed in that are signs for a people who give thought.,Related to psychological concept
Object relations,Psychoanalytic Psychology,"This refers to interpersonal relations, emphasizing the internalization of experiences with significant others, particularly primary caretakers during early life. The term originates from psychoanalytic theory where “object” refers to the target of one’s drives and “relations” refers to interpersonal relationships.",,,,
Oedipus complex,Psychoanalytic Psychology,"This is a term from psychoanalytic theory, stating a child’s feelings of desire towards their opposite-sex parent and rivalry with their same-sex parent. Coined by Sigmund Freud, it’s considered a crucial stage in the formation of an individual’s sexual and social identities.",Al-Baqarah,2,There shall be no compulsion in [acceptance of] the religion. The right course has become clear from the wrong. So whoever disbelieves in false deities and believes in Allah has grasped the most trustworthy handhold with no break in it. And Allah is Hearing and Knowing.,Related to psychological concept
Pleasure principle,Psychoanalytic Psychology,"This Freudian concept is the governing force of the id, striving for immediate satisfaction of all wants, needs, and urges. Essentially, the urge to reduce tension by fulfilling desires characterizes human nature according to the pleasure principle.",,,,
Projection,Psychoanalytic Psychology,"As a psychological defense mechanism, projection involves attributing thoughts, feelings, or motives that are unacceptable or unwanted in oneself to someone else. Essentially, the individual “projects” undesired aspects onto others as a means of avoidance.",Al-Baqarah,2,Allah does not burden a soul beyond that it can bear ...,Related to psychological concept
Reality principle,Psychoanalytic Psychology,"This concept, contrasting with the pleasure principle, is managed by the ego and seeks to satisfy the id’s desires realistically and in a socially appropriate manner. It nudges an understanding of the real world and adjusts actions accordingly.",Al-Baqarah,2,"And take provisions, but indeed, the best provision is Taqwa (piety, righteousness). So fear Me, O you of understanding.",Related to psychological concept
Repression,Psychoanalytic Psychology,"This defense mechanism involves burying distressful or unpleasant memories deep into the subconscious mind. It provides an escape from pain but can trigger anxiety, guilt, etc., indirectly influencing feelings and behaviors.",Al-Baqarah,2,"Then do you believe in a part of the Scripture and reject the rest? But what is the recompense for those who do that among you except disgrace in worldly life; and on the Day of Resurrection, they will be sent back to the severest punishment. And Allah is not unaware of what you do.",Related to psychological concept
Shadow,Psychoanalytic Psychology,"In Jung’s psychoanalytic theory, the shadow represents the unconscious part of the personality that the conscious ego rejects or ignores. It’s often the source of negative human traits, but also consists of creativity and insight.",Surah Al-A'raf,7,"And [mention] when your Lord took from the children of Adam - from their loins - their descendants and made them testify of themselves, [saying to them], 'Am I not your Lord?' They said, 'Yes, we have testified.' [This] - lest you should say on the day of Resurrection, 'Indeed, we were of this unaware.'",Related to psychological concept
Sublimation,Psychoanalytic Psychology,This defense mechanism involves transforming unacceptable impulses or energies into socially acceptable actions or behaviors. It’s considered a mature way of dealing with inner conflict as the result is typically positive or beneficial.,,,,
Synchronicity,Psychoanalytic Psychology,This Jungian concept refers to meaningful coincidences that seemingly lack a causal connection. Jung proposed synchronicity could be an explanation for parapsychological phenomena.,An-Nahl (The Bee),16,"To Allah belongs the unseen [aspects] of the heavens and the earth. And the command for the Hour is but as a glance of the eye or it is nearer. Indeed, Allah is over all things competent.",Related to psychological concept
Transference,Psychoanalytic Psychology,"In psychoanalytic therapy, this features the redirection of feelings for a significant person to the therapist. It’s an unconscious process where the client projects feelings coming from past experiences onto the therapist.",Al-An'am,94,"And certainly you have come to Us individually as We created you the first time, and you have left behind that which We bestowed upon you. And We do not see with you your ’intercessors‘ about whom you asserted that they were Allah’s partners in respect to you. Certainly (all) the ties between you have been cut off, and that which you used to assert has failed you.",Related to psychological concept
Aversion therapy,Behavioral Psychology,"This is a behavioral treatment technique, used mainly to cease harmful habits and behaviors. It employs negative stimuli paired with the behavior to create a revulsion and thus condition the individual to avoid it.",Al-Baqarah,2,"Fighting has been enjoined upon you while it is hateful to you. But perhaps you hate a thing and it is good for you; and perhaps you love a thing and it is bad for you. And Allah knows, while you know not.",Related to psychological concept
Behavior chain,Behavioral Psychology,"This denotes a sequence of responses where each act serves both as a condition for the next and a result of the previous one. It’s a structure where one behavior leads to another, creating a ‘chain’ of actions.",Al-Baqarah,286,Allah does not burden a soul beyond that it can bear...,Related to psychological concept
Behavior modification,Behavioral Psychology,"Broadly, it’s a therapeutic approach that aims to change maladaptive behaviors through altering environmental factors, reinforcers, and consequences. It employs techniques derived from operant and classical conditioning and has its roots in behaviorism.",,,,
Classical conditioning,Behavioral Psychology,"A process envisaged by Ivan Pavlov, it involves forming an association between two stimuli. The former neutral stimulus becomes a conditioned stimulus evoking a conditioned response after repeated pairing with an unconditioned stimulus that naturally elicits an unconditioned response.",,,,
Continuous reinforcement,Behavioral Psychology,This is a reinforcement schedule where each occurrence of a specific behavior is reinforced. It’s the simplest schedule where reinforcement occurs every time the desired behavior happens.,,,,
Counterconditioning,Behavioral Psychology,"A therapeutic technique used to replace unwanted responses to stimuli with desired ones. It occurs when an individual associates something feared or avoided with positive outcomes, effectively undoing the condition.",,,,
Extinction,Behavioral Psychology,"In conditioning, this refers to the progressive decrease and disappearance of a conditioned response. Occurs when the association between the conditioned stimulus and conditioned response weakens due to absence of reinforcement.",Al-Baqarah,2,Allah does not burden a soul beyond that it can bear...,Related to psychological concept
Fixed-interval schedule,Behavioral Psychology,"This reinforcement schedule delivers reinforcement after a certain, fixed interval of time following the desired response. Here, the behavior increases as the time for potential reinforcement nears.",Al-Furqan  ,25,"And those who do not invoke with Allah another deity or kill the soul which Allah has forbidden [to be killed], except by right, and do not commit unlawful sexual intercourse. And whoever should do that will meet a penalty.",Related to psychological concept
Fixed-ratio schedule,Behavioral Psychology,This is designed to reinforce behavior after a fixed number of responses. Responding occurs at a high rate provided the number of behaviors required is not excessively high.,,,,
Habituation,Behavioral Psychology,"This instinctive learning process involves decreased response to a recurring stimulus. Essentially, organisms become ‘used to’ stimuli through repeated exposure and respond less.",,,,
Motivating operations,Behavioral Psychology,Motivating operations are environmental variables that alter the effectiveness of a reinforcer and the frequency of behaviors that have previously been reinforced by that stimulus.,Al-Ankabut  ,29,"And those who strive for Us - We will surely guide them to Our ways. And indeed, Allah is with the doers of good.",Related to psychological concept
Negative punishment,Behavioral Psychology,"A type of operant conditioning, it involves subtraction of something desirable to curtail undesired behavior. For example, taking away a favorite toy when a child misbehaves.",Yunus,64,"But when trouble toucheth man, he crieth unto Us: When We bestow a favor upon him as from Us, he saith, 'This is due to me': but when we test him, he says, 'My Lord has humiliated me!'",Related to psychological concept
Negative reinforcement,Behavioral Psychology,"This aspect of operant conditioning strengthens a behavior through removal of a negative condition. For instance, taking painkillers (behavior) to alleviate pain (negative condition).",Al-Inshirah (The Expansion),94,"For indeed, with hardship [will be] ease. Indeed, with hardship [will be] ease.",Related to psychological concept
Observational learning (modeling),Behavioral Psychology,"Albert Bandura theorized this process where individuals learn by observing others’ behavior. Modeling involves imitation, where behaviors are copied based on the perceived consequences to the model.",,,,
Operant conditioning,Behavioral Psychology,This is a learning method which manipulates the consequences of behavior as an incentive for response. It’s divided into reinforcement (strengthening behavior) and punishment (weakening behavior).,,,,
Partial (intermittent) reinforcement,Behavioral Psychology,"Here, only some responses are reinforced, making the behavior more resistant to extinction. This can occur on a variety of schedules, including the fixed and variable schedules based on ratio or interval.",Al-Kahf (The Cave),18,"And keep yourself patient [by being] with those who call upon their Lord in the morning and the evening, seeking His countenance. And let not your eyes pass beyond them, desiring adornments of the worldly life, and do not obey one whose heart We have made heedless of Our remembrance and who follows his desire and whose affair is ever [in] neglect.",Related to psychological concept
Positive punishment,Behavioral Psychology,"This aspect of operant conditioning weakens the probability of a behavior by adding an undesirable consequence. For example, an individual receives a parking fine (addition of negative element) for parking illegally (behavior).",,,,
Positive reinforcement,Behavioral Psychology,"This principle of operant conditioning strengthens a behavior by providing a positive stimulus or reward as a consequence. For instance, praise can reinforce the act of completing homework on time.",As-Saffat,40,This is indeed the supreme success.,Related to psychological concept
Premack principle,Behavioral Psychology,"An idea from behaviorism, it dictates a more preferred activity can reinforce a less preferred one. Known as “grandma’s rule” — first, you work, then you play — it encourages good behavior with the promise of a desired reward.",Al-Insan (Chapter 76),3,"Indeed, We guided him to the way, whether he be grateful or ungrateful.",Related to psychological concept
Shaping,Behavioral Psychology,"A conditioning paradigm, it gradually teaches new behaviors through reinforcement of successive approximations towards the desired outcome. Thus, it shapes behavior, bringing it closer to the desired final act.",Al-Imran,3,"Never will you attain the good [reward] until you spend [in the way of Allah] from that which you love. And whatever you spend - indeed, Allah is Knowing of it.",Related to psychological concept
Stimulus discrimination,Behavioral Psychology,"A differentiation process in learning and conditioning, it enables an individual to distinguish between similar stimuli. The organism learns to respond differently as only one of the stimuli is consistent with the conditioned response.",Al-Fatihah (The Opening),1,Guide us to the Straight Way,Related to psychological concept
Stimulus generalization,Behavioral Psychology,"Contrary to stimulus discrimination, it describes a situation where similar stimuli elicit the same response. For instance, a child conditioned to fear a specific dog may start fearing all dogs.",Al-A'raf,7,"The weakened you feared the strong. But today I shall cast fear into the hearts of the strongest of them, while the people of reason have no fear.",Related to psychological concept
Systematic desensitization,Behavioral Psychology,A behavioral therapy technique designed to reduce phobias and other abnormal fears. It entails a gradual process where individuals face the feared object or situation in a safe and controlled way until anxiety declines.,Al-Anfal,8,"And prepare against them whatever you are able of power and of steeds of war by which you may terrify the enemy of Allah and your enemy and others besides them whom you do not know but whom Allah knows. And whatever you spend in the cause of Allah will be fully repaid to you, and you will not be wronged.",Related to psychological concept
Token economy,Behavioral Psychology,"A positive reinforcement strategy in behaviour therapy, using tokens as rewards for appropriate behavior. Collected tokens can, thereafter, be exchanged for desired rewards or privileges.",,,,
Variable-interval schedule,Behavioral Psychology,"This reinforcement schedule provides reinforcement for the first response after an inconsistent period. It causes a steady, moderate rate of response, with the individual unaware of the exact timing of reinforcement.",,,,
Variable-ratio schedule,Behavioral Psychology,"This schedule reinforces behavior after a fluctuating number of responses. Typically, it leads to a high and stable rate of responding with the reinforcement always remaining uncertain.",Al-Ankabut,29,"And those who strive for Us - We will surely guide them to Our ways. And indeed, Allah is with the doers of good.",Related to psychological concept
Accommodation,Cognitive Psychology,This is a cognitive adaptation process wherein existing frameworks of understanding are adjusted to incorporate new information. It’s a part of Jean Piaget’s paradigm of cognitive development.,,,,
Anchoring and adjustment,Cognitive Psychology,"This refers to a cognitive bias where initial pieces of information are used as the reference point for future judgments. Individuals adjust their assessments from this initial ‘anchor,’ often insufficiently, hence being misled.",Al-Hujurat,49,"O you who have believed, avoid much [negative] assumption. Indeed, some assumption is sin. And do not spy or backbite each other. Would one of you like to eat the flesh of his brother when dead? You would detest it. And fear Allah; indeed, Allah is Accepting of repentance and Merciful.",Related to psychological concept
Assimilation,Cognitive Psychology,"In Piaget’s cognitive development theory, this is the process of integrating new information into existing cognitive schemas. It’s basic to learning and incorporates the novel experience within the prevailing understanding without changing the structure.",,,,
Attentional resources,Cognitive Psychology,"This theory asserts that attention is a resource distributed among tasks. Cognitive processes compete for these limited resources, hence it becomes difficult to adequately concentrate on multiple tasks simultaneously.",Al-Muddathir,74,"No! Indeed, man transgresses, because he sees himself self-sufficient.",Related to psychological concept
Bloom’s Taxonomy,Cognitive Psychology,"This is a classification of learning objectives within education proposed by Benjamin Bloom in 1956. It’s a framework for categorizing educational goals into six levels of complexity: Knowledge (Remember), Comprehension (Understand), Application (Apply), Analysis (Analyze), Synthesis (Evaluate), and Evaluation (Create). This hierarchy not only defines intellectual activities but also supports educators in creating more comprehensive lessons or tests.",Al-Baqarah,2,"He gives wisdom to whom He wills, and whoever has been given wisdom has certainly been given much good. And none will remember except those of understanding.",Related to psychological concept
Cognitive dissonance,Cognitive Psychology,"Leon Festinger’s theory proposes discomfort arises when individuals face conflicting beliefs or actions. For resolution, they either change their beliefs, acquire new ones to create coherence, or trivialize the conflict.",Al-Maida,5,"And We have revealed to you, [O Muhammad], the Book in truth, confirming that which preceded it of the Scripture and as a criterion over it. So judge between them by what Allah has revealed and do not follow their inclinations away from what has come to you of the truth.",Related to psychological concept
Cognitive load,Cognitive Psychology,"This term refers to the total mental effort being used in the working memory. It delineates the load related to a specific task, which can impede learning if it exceeds the individual’s cognitive capacity.",Al-Baqarah,286,"Allah does not charge a soul except [with that within] its capacity. It will have [the consequence of] what [good] it has gained, and it will bear [the consequence of] what [evil] it has earned...",Related to psychological concept
Cognitive map,Cognitive Psychology,This is an internal mental representation of spatially arranged elements in the world. Tolman’s theory suggests organisms have such maps which help in navigation and understanding of the environment.,,,,
Cognitive restructuring,Cognitive Psychology,"A core part of cognitive-behavioral therapy (CBT), it involves changing negative or irrational thoughts to reduce psychological discomfort. This approach helps individuals counteract cognitive distortions, often associated with mental health disorders.",,,,
Cognitive Tool,Cognitive Psychology,"Based on the work of David Jonassen, this term refers to any device assisting with cognitive processes, such as memory, reasoning, and learning. Examples include mnemonics, mind maps, calculators, and digital technology like learning apps or cognitive training programs. These tools amplify cognitive abilities and compensates for cognitive deficits or weaknesses.",Al-Baqarah,282,"O you who have believed, when you contract a debt for a specified term, write it down. And let a scribe write [it] between you in justice. Let no scribe refuse to write as Allah has taught him. So let him write and let the one who has the obligation dictate. And let him fear Allah, his Lord, and not leave anything out of it. But if the one who has the obligation is of limited understanding or weak or unable to dictate himself, then let his guardian dictate in justice. And bring to witness two witnesses from among your men. And if there are not two men [available], then a man and two women from those whom you accept as witnesses – so that if one of the women errs, then the other can remind her.",Related to psychological concept
Confirmation bias,Cognitive Psychology,This pervasive cognitive bias leads individuals to favor information that confirms their existing beliefs or hypotheses. It often leads to statistical errors and poor decision-making.,Al-Muddathir (Chapter 74),74,"And We have set none but angels as guardians of the Fire; and We have fixed their number only as a trial for the disbelievers, in order that the People of the Book may arrive at certainty, and the believers may increase in faith – and so that no doubts may be left for the People of the Book and the believers – and so that those in whose hearts is a disease and the disbelievers may say, 'What could Allah intend by this example?' Thus Allah leads astray whom He wills and guides whom He wills. None knows the hosts of your Lord save Him. This is naught but a reminder for mankind.",Related to psychological concept
Divided attention,Cognitive Psychology,Refers to the cognitive capacity to attend to multiple tasks at once. It’s a component of multitasking but can often result in decreased overall performance due to attentional resources being split.,Al-Baqarah,2,"And whatever payment you give - indeed, Allah is Knowing of it.",Related to psychological concept
Dual-coding theory,Cognitive Psychology,"Paivio’s proposition suggests information is processed in two ways: verbal and visual. Therefore, learning can be enhanced by using both channels simultaneously to encode information.",Al-An'am  ,6,"And thus do We detail the verses, and [thus] the way of the criminals will become evident.",Related to psychological concept
Explicit memory,Cognitive Psychology,"Also known as declarative memory, it pertains to conscious, intentional recollection of factual information, prior experiences, and concepts. It can further be divided into episodic (personal events) and semantic (general facts) memory.",Al-Baqarah  ,2,"O you who have believed, when you contract a debt for a specified term, write it down. And let a scribe write [it] between you in justice. Let no scribe refuse to write as Allah has taught him. So let him write and let the one who has the obligation dictate. And let him fear Allah, his Lord, and not leave anything out of it. But if the one who has the obligation is of limited understanding or weak or unable to dictate himself, then let his guardian dictate in justice. And bring to witness two witnesses from among your men. And if there are not two men [available], then a man and two women from those whom you accept as witnesses - so that if one of the women errs, then the other can remind her.",Related to psychological concept
Flashbulb Memory,Cognitive Psychology,"These are highly detailed and vivid ‘snapshot’ memories of momentous events. Often marked by strong emotional content, they feel as vivid as photographs, hence the name.",Al-A'raf,7,"And [mention] when your Lord took from the children of Adam - from their loins - their descendants and made them testify of themselves, [saying to them], 'Am I not your Lord?' They said, 'Yes, we have testified.' [This] lest you should say on the Day of Resurrection, 'Indeed, we were of this unaware.'",Related to psychological concept
Functional fixedness,Cognitive Psychology,A cognitive bias limiting a person to use objects only in the traditional way. This inhibition of viewing things from a novel perspective hampers problem-solving and creativity.,Al-Ma'idah,5,"Say, 'Not equal are the evil and the good, although the abundance of evil might impress you.' So fear Allah, O you of understanding, that you may be successful.",Related to psychological concept
Heuristics,Cognitive Psychology,"These are mental shortcuts or ‘rules of thumb’ used for quick decision making. While often helpful, heuristics can also lead to cognitive biases and systematic errors.",Al-Baqarah,2,"And when it is said to them, 'Follow what Allah has revealed,' they say, 'Rather, we will follow that which we found our fathers doing.' Even though their fathers understood nothing, nor were they guided?",Related to psychological concept
Higher-order thinking,Cognitive Psychology,"This involves complex cognitive processes that go beyond basic information processing. Popularized by Bloom’s Taxonomy, this encompasses critical, logical, reflective, and creative thinking, requiring individuals to synthesize, analyze, reason, comprehend, and interpret information. Higher-order thinking is intricately linked with problem-solving, decision making, and the transfer of knowledge across contexts.",Al-Imran,190,"Indeed, in the creation of the heavens and the earth and the alternation of the night and the day are signs for those of understanding. Who remember Allah while standing or sitting or [lying] on their sides and give thought to the creation of the heavens and the earth, [saying], 'Our Lord, You did not create this aimlessly; exalted are You [above such a thing]; then protect us from the punishment of the Fire.'",Related to psychological concept
Implicit memory,Cognitive Psychology,"Unconscious memory or automatic memory, it’s demonstrated in tasks where previous experiences help perform a task without conscious awareness of these experiences. These may be procedural skills or conditioned responses.",Al-A'raf,7,"And We have certainly created many of the jinn and mankind for Hell. They have hearts with which they do not understand, they have eyes with which they do not see, and they have ears with which they do not hear. Those are like livestock; rather, they are more astray. It is they who are the heedless.",Related to psychological concept
Long-term memory,Cognitive Psychology,"Referring to the storage system holding unlimited amounts of information for an extended period, it includes knowledge, beliefs, experiences, images, skills, etc. Its accuracy may degrade over time.",Al-Baqarah  ,2,"O you who have believed, when you contract a debt for a specified term, write it down. And let a scribe write [it] between you in justice. Let no scribe refuse to write as Allah has taught him. So let him write and let the one who has the obligation dictate. And let him fear Allah, his Lord, and not leave anything out of it. But if the one who has the obligation is of limited understanding or weak or unable to dictate himself, then let his guardian dictate in justice. And bring to witness two witnesses from among your men. And if there are not two men [available], then a man and two women from those whom you accept as witnesses - so that if one of the women errs, then the other can remind her.",Related to psychological concept
Mental set,Cognitive Psychology,This term describes a habitual approach to problem-solving or a tendency to approach a scenario from a singular perspective. It aids in speedy decision-making but may hinder creativity and novel solutions.,,,,
Metacognition,Cognitive Psychology,"Known as ‘thinking about thinking,’ metacognition involves awareness and control over one’s cognitive processes. It enhances learning and problem-solving capabilities as it relocates the individual’s control over cognitive functions.",,,,
Prospective memory,Cognitive Psychology,"It’s the memory of actions to be taken in the future or remembering to remember. For example, remembering to take medication at a particular time showcases prospective memory.",Al-Munafiqun (Chapter 63),10,"And spend [in the way of Allah] from what We have provided you before death approaches one of you and he says, 'My Lord, if only You would reprieve me for a little while so I would give charity and be among the righteous.'",Related to psychological concept
Representativeness heuristic,Cognitive Psychology,"It’s a cognitive shortcut applied when making judgments about the probability of an event under uncertainty. It entails basing judgments on stereotypes or perceived category representativeness, often leading to errors in decision-making.",Al-An'am,6,"And if you obey most of those upon the earth, they will mislead you from the way of Allah. They follow not except assumption, and they are not but falsifying.",Related to psychological concept
Schema,Cognitive Psychology,These are cognitive frameworks or concepts that help individuals organize and interpret information. Schemas can be beneficial in assimilating new information but can lead to stereotypes if they over-generalize categories.,,,,
Script,Cognitive Psychology,"A type of schema, scripts are knowledge about specific events or situations and the typical sequence of actions that they involve. For example, a restaurant script associates the events of arriving, ordering, eating, and paying.",Surah Al-Kahf,18,"And never say of anything, 'Indeed, I will do that tomorrow,' except [when adding], 'If Allah wills.' And remember your Lord when you forget [it] and say, 'Perhaps my Lord will guide me to what is nearer than this in conduct.'",Related to psychological concept
Selective attention,Cognitive Psychology,"This cognitive process allows individuals to focus on one particular stimulus while ignoring others. It’s a crucial resource, given the brain’s limited capacity to process information.",Al-Muddathir,74,"And We have appointed none but angels as wardens of the Fire. And We have fixed their number only as a trial for the disbelievers, so that those who were given the Scripture may be certain and those who believe may increase in faith, and those who were given the Scripture and the believers may not doubt, and that those in whose hearts is sickness and the disbelievers may say, ‘What does Allah intend by this example?’ Thus, Allah leaves to stray whom He wills and guides whom He wills. And none knows the hosts of your Lord but He. And this is not but a reminder to mankind.",Related to psychological concept
Working memory,Cognitive Psychology,"Formerly termed short-term memory, working memory engages in processing information held temporarily. It’s involved in higher-level cognitive functions such as comprehension, learning, and reasoning.",Al-Ankabut (The Spider),69,"Have they not seen how Allah begins creation, then repeats it? Indeed that, for Allah, is easy.",Related to psychological concept
Bystander effect,Social Psychology,"This social psychological phenomenon suggests individuals are less likely to offer help to a victim when others are present. The greater the number of bystanders, the less likely it is for any single person to help due to diffusion of responsibility.",Al-Ma'idah,5,"And cooperate in righteousness and piety, but do not cooperate in sin and aggression. And fear Allah; indeed, Allah is severe in penalty.",Related to psychological concept
Cognitive apprenticeships,Social Psychology,"This process involves learning through the guided experience on cognitive and metacognitive, rather than physical, skills and knowledge. It’s about cultivating critical thinking and problem solving in the learner, akin to the traditional apprenticeship’s trade skills.",Al-Kahf  ,18,"He said, 'This is where you and I part company. I will inform you of the meaning of the things you could not bear with patience. As for the boat, it belonged to some needy people who made their living from the sea and I wanted to damage it because there was a king [coming] behind them seizing every boat by force.  As for the boy, his parents were believers and we feared he would darken their days with his insolence and ingratitude. We wanted their Lord to give them in his place someone better than him in purity and closer to mercy. And as for the wall, it belonged to two orphan boys in the town, and beneath it was a treasure that belonged to them. Their father was righteous and your Lord wanted them to reach their maturity and then dig out their treasure as a mercy from your Lord.' And I didn't do this of my own accord. This is the meaning of the things you couldn't bear with patience.",Related to psychological concept
Conformity,Social Psychology,"This social behavior involves individuals adjusting their attitudes, feelings, or behaviors to align with those of a group or social norms. Most people conform due to the desire for social acceptance and avoiding discomfort of being the outlier.",Al-Imran,3,"And hold firmly to the rope of Allah all together and do not become divided. And remember the favor of Allah upon you - when you were enemies and He brought your hearts together and you became, by His favor, brothers. And you were on the edge of a pit of the Fire, and He saved you from it. Thus does Allah make clear to you His verses that you may be guided.",Related to psychological concept
Elaboration likelihood model,Social Psychology,This is a dual process theory describing the change of attitudes. It suggests two routes to persuasion: central (reasoning based on quality of arguments) and peripheral (superficial cues like attractiveness of the source).,Al-Anfal,8,"Indeed, the worst of living creatures in the sight of Allah are the deaf and dumb, those who do not use reason.",Related to psychological concept
Groupthink,Social Psychology,"Coined by Irving Janis, it refers to faulty decision-making in a group due to pressures for conformity, discouraging creativity or individual responsibility. This can lead to poor and irrational decisions.",Al-Ma'idah,5,"And We have revealed to you, [O Muhammad], the Book in truth, confirming that which preceded it of the Scripture and as a criterion over it. So judge between them by what Allah has revealed and do not follow their inclinations away from what has come to you of the truth.",Related to psychological concept
Guided participation,Social Psychology,"A concept related to cognitive development, it’s the process where individuals learn from others by taking part in mutually shared activities. As opposed to direct teaching, it emphasizes shared learning through interaction.",Al-Imran,3,"So by mercy from Allah, [O Muhammad], you were lenient with them. And if you had been rude [in speech] and harsh in heart, they would have disbanded from about you. So pardon them and ask forgiveness for them and consult them in the matter. And when you have decided, then rely upon Allah. Indeed, Allah loves those who rely [upon Him].",Related to psychological concept
In-group bias,Social Psychology,"This refers to the tendency to favor one’s own group. It’s a form of prejudice, leading to preferences for people who belong to our own group, sometimes fostering discrimination and conflicts.",Al-Mumtahanah,60,"O you who have believed, do not take My enemies and your enemies as allies, extending to them affection while they have disbelieved in what came to you of the truth.",Related to psychological concept
Obedience,Social Psychology,"Fundamental to social order, it’s a form of social influence where individuals follow directives from authority. While being a building block of social structure, it can lead to harmful consequences if the authority is malevolent.",Al-A'raf,7,"Call on your Lord in humility and privately; indeed, He does not love transgressors.",Related to psychological concept
Observational learning,Social Psychology,"This occurs when an observer’s behavior changes after viewing the behavior of a model. The observer does not necessarily need to perform any observable behavior during learning, the process may be internal.",Al-Mu'minun,23,Indeed in the Messenger of Allah you have an excellent example to follow for him who hopes in (the Meeting with) Allah and the Last Day and remembers Allah much.,Related to psychological concept
Out-group homogeneity effect,Social Psychology,This cognitive bias refers to perceiving members of an out-group as more similar to each other than members of one’s in-group. It often results in stereotyping and promotes in-group favoritism.,Al-Mumtahina,60,Allah does not forbid you from those who do not fight you because of religion and do not expel you from your homes - from being righteous toward them and acting justly toward them. Indeed Allah loves those who act justly.,Related to psychological concept
Prejudice,Social Psychology,"This refers to preconceived opinions, attitudes, or beliefs about a person or group that aren’t based on experience or reason. Prejudice can spark stigma, stereotype, and discrimination, often rooted in ignorance.",,,,
Private Speech,Social Psychology,"Often observed in young children, private speech is the act of talking aloud to oneself, assisting in thinking and guiding behavior. Vygotsky theorized it as an important tool in children’s cognitive development.",Al-A'raf,7,And remember your Lord within yourself in humility and in fear without being apparent in speech - in the mornings and the evenings. And do not be among the heedless.,Related to psychological concept
Reciprocity norm,Social Psychology,This social norm suggests individuals repay what another has provided us. It’s seen across cultures and forms the basis of social cooperation and trust.,Al-Baqarah,2,"And spend in the way of Allah and do not throw [yourselves] with your [own] hands into destruction [by refraining]. And do good; indeed, Allah loves the doers of good.",Related to psychological concept
Scaffolding,Social Psychology,"A concept central to Vygotsky’s theory of cognitive development, it involves a more experienced individual aiding a lesser-skilled one in learning a new task. Supports are gradually reduced as the learner becomes more proficient.",Al-Baqarah,2,Allah does not burden a soul beyond that it can bear...,Related to psychological concept
Self-fulfilling prophecy,Social Psychology,"This concept involves expectations about a subject which influence individuals’ behavior towards the subject. It consequently influences the subject to behave according to those expectations, making the ‘prophecy’ come true.",Al-Anfal,8,"And [remember, O Muhammad], when those who disbelieved plotted against you to restrain you or kill you or evict you [from Makkah]. But they plan, and Allah plans. And Allah is the best of planners.",Related to psychological concept
Self-serving bias,Social Psychology,"A common cognitive bias, it involves attributing one’s successes to personal characteristics, while blaming failures on situational factors. This bias nurtures self-esteem but can hinder personal growth and lead to skewed social perception.",Al-Qasas,28,"Indeed, [O Muhammad], you do not guide whom you like, but Allah guides whom He wills. And He is most knowing of the [rightly] guided.",Related to psychological concept
Social cognition,Social Psychology,"This refers to how people process, store, and apply information about others and social situations. It involves understanding and predicting others’ behavior and interpreting social cues.",,,,
Social comparison theory,Social Psychology,Leon Festinger proposed this theory that suggests individuals define themselves through comparison with others to evaluate abilities and opinions. It emphasizes the intrinsic human drive to gain accurate self-evaluations.,Al-Imran  ,3,You are the best nation produced [as an example] for mankind. You enjoin what is right and forbid what is wrong and believe in Allah.,Related to psychological concept
Social exchange theory,Social Psychology,"This posits that social behavior results from an exchange process aiming to maximize benefits and minimize costs. Essentially, people assess the worth of an interaction by subtracting the costs from rewards.",,,,
Social facilitation,Social Psychology,"This is a phenomenon where individuals tend to perform simple tasks better when others are present. However, for complex tasks, the presence of others may lead to decreased performance.",Al-Ma'idah,5,"And cooperate in righteousness and piety, but do not cooperate in sin and aggression; and fear Allah. Indeed, Allah is severe in penalty.",Related to psychological concept
Social identity theory,Social Psychology,"Proposed by Tajfel and Turner, this theory suggests individual’s self-concept comes from perceived membership in social groups. It explains intergroup behavior, particularly the bias and prejudice perceived between in-group and out-group members.",Al-Hujurat (Chapter 49),13,"O mankind, indeed We have created you from male and female and made you peoples and tribes that you may know one another. Indeed, the most noble of you in the sight of Allah is the most righteous of you. Indeed, Allah is Knowing and Acquainted.",Related to psychological concept
Social loafing,Social Psychology,"This is a behavior where individuals exert less effort when working in a group than when working alone. A common phenomenon, it may foster inefficiency in group projects.",Al-Anfal,8,"And obey Allah and His Messenger, and do not dispute and [thus] lose courage and [then] your strength would depart; and be patient. Indeed, Allah is with the patient.",Related to psychological concept
Stereotyping,Social Psychology,"A cognitive shortcut, it’s the act of attribiting characteristics to a group of people. Stereotypes can be based on race, gender, nationality, occupation, etc., and can often lead to prejudice and discrimination.",,,,
Zone of Proximal Development (ZPD),Social Psychology,"A central concept in Vygotsky’s theory of cognitive development, the ZPD includes tasks that a learner can’t perform alone but can learn with guidance. It depicts the difference between what a child can do independently and what they can do with assistance.",,,,
Actualizing tendency,Humanist and Motivational Psychology,Humanistic psychologist Carl Rogers proposed this as the inherent motivation present in every life form to develop its potentials to the fullest extent possible. This fundamental construct is considered the primary motivator for all behavior.,,,,
Autonomy,Humanist and Motivational Psychology,"This psychological need refers to a sense of volition and self-endorsed behavior. It’s a core concept of Ryan and Deci’s Self-Determination Theory, promoting well-being and quality performance.",Al-Baqarah,256,There shall be no compulsion in religion. The right course has become clear from the wrong.,Related to psychological concept
Congruence,Humanist and Motivational Psychology,"According to Rogers, congruence is the degree of consistency between individuals’ self-perceptions and their experiences in reality. Higher levels of congruence result in a greater sense of comfort and lesser vulnerability.",Al-A'raf  ,7,"Then Satan whispered to them to make apparent to them that which was concealed from them of their private parts. He said, ",Related to psychological concept
Extrinsic motivation,Humanist and Motivational Psychology,"This kind of motivation arises from outside an individual, often involving rewards like money or grades, or consequences like punishment. It’s a significant concept in understanding motivation and facilitates performance on simple tasks.",Al-Qasas,28,"But seek, with that (wealth) which Allah has bestowed on you, the Home of the Hereafter, and forget not your portion of lawful delights in this world; and do good as Allah has been good to you, and seek not mischief in the land. Verily, Allah likes not the Mufsidun (those who commit great crimes and sins, oppressors, tyrants, mischief-makers, corrupt).",Related to psychological concept
Flow state,Humanist and Motivational Psychology,Mihaly Csikszentmihalyi describes flow as the state in which people are so involved in an activity that nothing else seems to matter. It’s an optimal psychological state leading to high performance and personal satisfaction.,Al-Baqarah,2,"And seek help through patience and prayer, and indeed, it is difficult except for the humbly submissive [to Allah].",Related to psychological concept
Growth needs vs. deficiency needs,Humanist and Motivational Psychology,"In Maslow’s hierarchy, deficiency needs are necessary for survival whereas growth needs are related to psychological development and self-actualization. Unlike deficiency needs, growth needs keep reinforcing even after being satisfied.",Al-Inshirah (Chapter 94),94,"Indeed, with hardship comes ease.",Related to psychological concept
Intrinsic motivation,Humanist and Motivational Psychology,"Originates within an individual, driven by interest or enjoyment in the task itself. It’s generally tied to more meaningful learning and creativity, compared to extrinsic motivation.",,,,
Maslow’s hierarchy of needs,Humanist and Motivational Psychology,"This is a motivation theory proposed by Abraham Maslow, organized in a hierarchy, starting with physiological needs at the base, followed by safety, love/belonging, esteem, and self-actualization at the top. According to Maslow, individuals need to meet lower level needs before progressing to higher level ones.",An-Najm,53,"And that man can have nothing but what he does (good or bad), and that his deeds will be seen (by the angels and then recompensed) will be made clear.",Related to psychological concept
Mastery,Humanist and Motivational Psychology,"The innate desire to become competent and skilled in specific domains. It’s one of Daniel Pink’s elements of intrinsic motivation, central to the individual’s sense of fulfillment and achievement.",Al-Mu’minun (The Believers),23,"Did you think that We had created you in play (without any purpose), and that you would not be brought back to Us?",Related to psychological concept
Peak experiences,Humanist and Motivational Psychology,"Maslow coined this term to describe intense moments of love, understanding, happiness, or rapture, lacking any negative feelings. Self-actualized people are seen as having many such experiences.",Ar-Ra'd,28,"Those who believed and whose hearts are assured by the remembrance of Allah. Unquestionably, by the remembrance of Allah hearts are assured.",Related to psychological concept
Person-centered therapy,Humanist and Motivational Psychology,"Developed by Carl Rogers, this non-directive form of talk therapy assumes that clients are the best authorities on their own lives. Therapists offer an accepting and understanding environment where clients can explore their feelings and actions.",,,,
Self-actualization,Humanist and Motivational Psychology,"The highest level in Maslow’s hierarchy of needs, it refers to fulfilling one’s personal potential. It involves the pursuit of authentic identity, purpose, self-awareness, and personal growth.",Al-Isra (Chapter 17),23,"Your Lord has decreed that you worship none but Him, and that you be kind to parents. Whether one or both of them attain old age in your lifetime, say not to them a word of contempt, nor repel them, but address them in terms of honor. And out of kindness, lower to them the wing of humility, and say, 'My Lord! Bestow on them Your mercy as they did bring me up when I was small.'",Related to psychological concept
Self-concept,Humanist and Motivational Psychology,"This refers to the overall view individuals have of themselves, including beliefs about physical attributes, personality traits, and social roles. According to Rogers, congruence between self-concept and experience promotes positive psychological wellbeing.",Al-Anfal,8,That is because Allah would not change a favor which He had bestowed upon a people until they change what is within themselves.,Related to psychological concept
Self-determination theory,Humanist and Motivational Psychology,"Ryan and Deci’s theory suggests humans are motivated by needs for competence, relatedness, and autonomy. It emphasizes intrinsic motivation and psychological needs as essential for well-being and success.",An-Nahl  ,16,Allah is with those who restrain themselves and those who do good.,Related to psychological concept
Unconditional positive regard,Humanist and Motivational Psychology,"Introduced by Rogers, it’s the complete acceptance, love, and acknowledgement from others irrespective of one’s actions. This crucial element of person-centered therapy creates a supportive environment for self-exploration and change.",Al-Imran,159,"So by mercy from Allah, [O Muhammad], you were lenient with them. And if you had been rude [in speech] and harsh in heart, they would have disbanded from about you. So pardon them and ask forgiveness for them and consult them in the matter.",Related to psychological concept
